Workbook

Sheet Dashboard
A1: DSA NeetCode 150 Tracker
A3: Total problems planned | B3: =COUNTA(Problems!C2:C151) -> 150
A4: Completed problems | B4: =COUNTIF(Problems!F2:F151,"Completed") -> 0
A5: % complete | B5: =IF(B3=0,0,B4/B3) -> 0
A6: Need REVISE (weak) | B6: =COUNTIF(Problems!I2:I151,"REVISE") -> 0
A7: Days completed | B7: =COUNTIF('Daily Plan'!F4:F57,"Yes") -> 1
A8: Days not done yet | B8: =COUNTIF('Daily Plan'!F4:F57,"No") -> 53
A11: Topic | B11: Planned | C11: Solved | D11: % Done | E11: Weak (REVISE)
A12: Arrays & Hashing | B12: =COUNTIF(Problems!$B$2:$B$151,A12) -> 9 | C12: =COUNTIFS(Problems!$B$2:$B$151,A12,Problems!$F$2:$F$151,"Completed") -> 0 | D12: =IF(B12=0,0,C12/B12) -> 0 | E12: =COUNTIFS(Problems!$B$2:$B$151,A12,Problems!$I$2:$I$151,"REVISE") -> 0
A13: Two Pointers | B13: =COUNTIF(Problems!$B$2:$B$151,A13) -> 5 | C13: =COUNTIFS(Problems!$B$2:$B$151,A13,Problems!$F$2:$F$151,"Completed") -> 0 | D13: =IF(B13=0,0,C13/B13) -> 0 | E13: =COUNTIFS(Problems!$B$2:$B$151,A13,Problems!$I$2:$I$151,"REVISE") -> 0
A14: Stack | B14: =COUNTIF(Problems!$B$2:$B$151,A14) -> 6 | C14: =COUNTIFS(Problems!$B$2:$B$151,A14,Problems!$F$2:$F$151,"Completed") -> 0 | D14: =IF(B14=0,0,C14/B14) -> 0 | E14: =COUNTIFS(Problems!$B$2:$B$151,A14,Problems!$I$2:$I$151,"REVISE") -> 0
A15: Binary Search | B15: =COUNTIF(Problems!$B$2:$B$151,A15) -> 7 | C15: =COUNTIFS(Problems!$B$2:$B$151,A15,Problems!$F$2:$F$151,"Completed") -> 0 | D15: =IF(B15=0,0,C15/B15) -> 0 | E15: =COUNTIFS(Problems!$B$2:$B$151,A15,Problems!$I$2:$I$151,"REVISE") -> 0
A16: Sliding Window | B16: =COUNTIF(Problems!$B$2:$B$151,A16) -> 6 | C16: =COUNTIFS(Problems!$B$2:$B$151,A16,Problems!$F$2:$F$151,"Completed") -> 0 | D16: =IF(B16=0,0,C16/B16) -> 0 | E16: =COUNTIFS(Problems!$B$2:$B$151,A16,Problems!$I$2:$I$151,"REVISE") -> 0
A17: Linked List | B17: =COUNTIF(Problems!$B$2:$B$151,A17) -> 11 | C17: =COUNTIFS(Problems!$B$2:$B$151,A17,Problems!$F$2:$F$151,"Completed") -> 0 | D17: =IF(B17=0,0,C17/B17) -> 0 | E17: =COUNTIFS(Problems!$B$2:$B$151,A17,Problems!$I$2:$I$151,"REVISE") -> 0
A18: Trees | B18: =COUNTIF(Problems!$B$2:$B$151,A18) -> 15 | C18: =COUNTIFS(Problems!$B$2:$B$151,A18,Problems!$F$2:$F$151,"Completed") -> 0 | D18: =IF(B18=0,0,C18/B18) -> 0 | E18: =COUNTIFS(Problems!$B$2:$B$151,A18,Problems!$I$2:$I$151,"REVISE") -> 0
A19: Tries | B19: =COUNTIF(Problems!$B$2:$B$151,A19) -> 3 | C19: =COUNTIFS(Problems!$B$2:$B$151,A19,Problems!$F$2:$F$151,"Completed") -> 0 | D19: =IF(B19=0,0,C19/B19) -> 0 | E19: =COUNTIFS(Problems!$B$2:$B$151,A19,Problems!$I$2:$I$151,"REVISE") -> 0
A20: Heap / Priority Queue | B20: =COUNTIF(Problems!$B$2:$B$151,A20) -> 7 | C20: =COUNTIFS(Problems!$B$2:$B$151,A20,Problems!$F$2:$F$151,"Completed") -> 0 | D20: =IF(B20=0,0,C20/B20) -> 0 | E20: =COUNTIFS(Problems!$B$2:$B$151,A20,Problems!$I$2:$I$151,"REVISE") -> 0
A21: Backtracking | B21: =COUNTIF(Problems!$B$2:$B$151,A21) -> 10 | C21: =COUNTIFS(Problems!$B$2:$B$151,A21,Problems!$F$2:$F$151,"Completed") -> 0 | D21: =IF(B21=0,0,C21/B21) -> 0 | E21: =COUNTIFS(Problems!$B$2:$B$151,A21,Problems!$I$2:$I$151,"REVISE") -> 0
A22: Graphs | B22: =COUNTIF(Problems!$B$2:$B$151,A22) -> 13 | C22: =COUNTIFS(Problems!$B$2:$B$151,A22,Problems!$F$2:$F$151,"Completed") -> 0 | D22: =IF(B22=0,0,C22/B22) -> 0 | E22: =COUNTIFS(Problems!$B$2:$B$151,A22,Problems!$I$2:$I$151,"REVISE") -> 0
A23: Advanced Graphs | B23: =COUNTIF(Problems!$B$2:$B$151,A23) -> 6 | C23: =COUNTIFS(Problems!$B$2:$B$151,A23,Problems!$F$2:$F$151,"Completed") -> 0 | D23: =IF(B23=0,0,C23/B23) -> 0 | E23: =COUNTIFS(Problems!$B$2:$B$151,A23,Problems!$I$2:$I$151,"REVISE") -> 0
... A29: Bit Manipulation | B29: =COUNTIF(Problems!$B$2:$B$151,A29) -> 7 | C29: =COUNTIFS(Problems!$B$2:$B$151,A29,Problems!$F$2:$F$151,"Completed") -> 0 | D29: =IF(B29=0,0,C29/B29) -> 0 | E29: =COUNTIFS(Problems!$B$2:$B$151,A29,Problems!$I$2:$I$151,"REVISE") -> 0
A31: Everything here calculates automatically. Only edit the Problems and Daily Plan sheets.

Sheet Daily Plan
A1: Start date (change me): | C1: 46321
A3: Day | B3: Date | C3: Focus | D3: Problems / Task | E3: Hours | F3: Day Done? | G3: Notes
A4: 1 | B4: =$C$1+A4-1 -> 46321 | C4: Foundation: Big O + string slicing | D4: Learn O(1), O(n), O(n^2), O(log n). Practice string slicing in Python. Watch NeetCode 'Big O' video. | E4: 2 | F4: Yes
A5: 2 | B5: =$C$1+A5-1 -> 46322 | C5: Foundation: Hash maps & sets | D5: dict, set, counting with dict, 'in' lookup is O(1). Write 5 small programs by hand. | E5: 2 | F5: No
A6: 3 | B6: =$C$1+A6-1 -> 46323 | C6: Foundation: Recursion | D6: Trace f(n)=n+f(n-1) by hand. Then factorial, fibonacci, sum of list recursively. | E6: 2 | F6: No
A7: 4 | B7: =$C$1+A7-1 -> 46324 | C7: Foundation: Mixed practice | D7: Redo weak questions from the foundation check. Set up NeetCode account. Warm-up: re-read Python dict/set/list methods. | E7: 2 | F7: No
A8: 5 | B8: =$C$1+A8-1 -> 46325 | C8: Arrays & Hashing | D8: 1. Contains Duplicate (Easy) 2. Valid Anagram (Easy) 3. Two Sum (Easy) Revision (20 min): redo 1 problem marked REVISE from earlier days. | E8: 2 | F8: No
A9: 6 | B9: =$C$1+A9-1 -> 46326 | C9: Arrays & Hashing | D9: 1. Group Anagrams (Medium) 2. Top K Frequent Elements (Medium) 3. Encode and Decode Strings (Medium) Revision (20 min): redo 1 problem marked REVISE from earlier days. | E9: 2 | F9: No
A10: 7 | B10: =$C$1+A10-1 -> 46327 | C10: Arrays & Hashing | WEEKLY REVIEW (Sunday) | D10: 1. Product of Array Except Self (Medium) 2. Valid Sudoku (Medium) 3. Longest Consecutive Sequence (Medium) Weekly review: redo every REVISE problem from this week. Fill Weekly Summary sheet. Revision (20 min): redo 1 problem marked REVISE from earlier days. | E10: 2 | F10: No
A11: 8 | B11: =$C$1+A11-1 -> 46328 | C11: Two Pointers | D11: 1. Valid Palindrome (Easy) 2. Two Sum II - Input Array Is Sorted (Medium) 3. 3Sum (Medium) Revision (20 min): redo 1 problem marked REVISE from earlier days. | E11: 2 | F11: No
A12: 9 | B12: =$C$1+A12-1 -> 46329 | C12: Two Pointers + Stack | D12: 1. Container With Most Water (Medium) 2. Trapping Rain Water (Hard) 3. Valid Parentheses (Easy) Revision (20 min): redo 1 problem marked REVISE from earlier days. | E12: 2 | F12: No
A13: 10 | B13: =$C$1+A13-1 -> 46330 | C13: Stack | D13: 1. Min Stack (Medium) 2. Evaluate Reverse Polish Notation (Medium) 3. Daily Temperatures (Medium) Revision (20 min): redo 1 problem marked REVISE from earlier days. | E13: 2 | F13: No
A14: 11 | B14: =$C$1+A14-1 -> 46331 | C14: Stack + Binary Search | D14: 1. Car Fleet (Medium) 2. Largest Rectangle in Histogram (Hard) 3. Binary Search (Easy) Revision (20 min): redo 1 problem marked REVISE from earlier days. | E14: 2 | F14: No
A15: 12 | B15: =$C$1+A15-1 -> 46332 | C15: Binary Search | D15: 1. Search a 2D Matrix (Medium) 2. Koko Eating Bananas (Medium) 3. Find Minimum in Rotated Sorted Array (Medium) Revision (20 min): redo 1 problem marked REVISE from earlier days. | E15: 2 | F15: No
... A57: 54 | B57: =$C$1+A57-1 -> 46374 | C57: Bit Manipulation | D57: 1. Missing Number (Easy) 2. Sum of Two Integers (Medium) 3. Reverse Integer (Medium) Revision (20 min): redo 1 problem marked REVISE from earlier days. | E57: 2 | F57: No
A59: Method for EVERY problem: 1) Try alone 20-30 min 2) Hint only if stuck 3) After solution, re-code from scratch 4) Explain pattern in your own words (write it in Problems sheet).

Sheet Problems
A1: # | B1: Topic | C1: Problem | D1: Difficulty | E1: Planned Day | F1: Completed? | G1: Needed Hint? | H1: Attempts | I1: Revise? | J1: Date Solved | K1: Pattern in my own words / Notes
A2: 1 | B2: Arrays & Hashing | C2: Contains Duplicate | D2: Easy | E2: 5 | F2: Not Completed | G2: No | H2: 1 | I2: =IF(G2="Yes","REVISE","")
A3: 2 | B3: Arrays & Hashing | C3: Valid Anagram | D3: Easy | E3: 5 | F3: Not Completed | G3: No | H3: 1 | I3: =IF(G3="Yes","REVISE","")
A4: 3 | B4: Arrays & Hashing | C4: Two Sum | D4: Easy | E4: 5 | F4: Not Completed | G4: No | H4: 1 | I4: =IF(G4="Yes","REVISE","")
A5: 4 | B5: Arrays & Hashing | C5: Group Anagrams | D5: Medium | E5: 6 | F5: Not Completed | G5: No | H5: 1 | I5: =IF(G5="Yes","REVISE","")
A6: 5 | B6: Arrays & Hashing | C6: Top K Frequent Elements | D6: Medium | E6: 6 | F6: Not Completed | G6: No | H6: 1 | I6: =IF(G6="Yes","REVISE","")
A7: 6 | B7: Arrays & Hashing | C7: Encode and Decode Strings | D7: Medium | E7: 6 | F7: Not Completed | G7: No | H7: 1 | I7: =IF(G7="Yes","REVISE","")
A8: 7 | B8: Arrays & Hashing | C8: Product of Array Except Self | D8: Medium | E8: 7 | F8: Not Completed | G8: No | H8: 1 | I8: =IF(G8="Yes","REVISE","")
A9: 8 | B9: Arrays & Hashing | C9: Valid Sudoku | D9: Medium | E9: 7 | F9: Not Completed | G9: No | H9: 1 | I9: =IF(G9="Yes","REVISE","")
A10: 9 | B10: Arrays & Hashing | C10: Longest Consecutive Sequence | D10: Medium | E10: 7 | F10: Not Completed | G10: No | H10: 1 | I10: =IF(G10="Yes","REVISE","")
A11: 10 | B11: Two Pointers | C11: Valid Palindrome | D11: Easy | E11: 8 | F11: Not Completed | G11: No | H11: 1 | I11: =IF(G11="Yes","REVISE","")
A12: 11 | B12: Two Pointers | C12: Two Sum II - Input Array Is Sorted | D12: Medium | E12: 8 | F12: Not Completed | G12: No | H12: 1 | I12: =IF(G12="Yes","REVISE","")
A13: 12 | B13: Two Pointers | C13: 3Sum | D13: Medium | E13: 8 | F13: Not Completed | G13: No | H13: 1 | I13: =IF(G13="Yes","REVISE","")
... A151: 150 | B151: Bit Manipulation | C151: Reverse Integer | D151: Medium | E151: 54 | F151: Not Completed | G151: No | H151: 1 | I151: =IF(G151="Yes","REVISE","")
B153: Legend: blue cells = you edit (click the cell, pick from dropdown). Completed? = Completed / Not Completed. Needed Hint? = Yes / No. If Needed Hint? = Yes, Revise? shows REVISE automatically.

Sheet Weekly Summary
A1: Week (Sunday) | B1: Problems finished | C1: Weak topics / problems | D1: What I will fix next week | E1: Hours studied
A2: Week 1 (Day 7)
A3: Week 2 (Day 14)
A4: Week 3 (Day 21)
A5: Week 4 (Day 28)
A6: Week 5 (Day 35)
A7: Week 6 (Day 42)
A8: Week 7 (Day 49)
A9: Week 8 (Day 54)
